id,firstname,lastname,points
1,Lidia,Loughlan,708
2,Lilas,Raithby,32
3,Emilio,Coltherd,609
4,Giorgia,Davio,438
5,Wendie,Tupper,539
6,Leena,Bayfield,678
7,Delly,FitzAlan,170
8,Mina,Merwede,948
9,Giorgio,Aspinal,122
10,Therine,Reimer,747
11,Ker,Van Oort,593
12,Griff,McQuarrie,319
13,Celina,Malbon,801
14,Amery,Matousek,305
15,Land,Coode,597
16,Lawrence,Bohje,397
17,Ilse,Breeder,494
18,Bunnie,Vasyukhin,1
19,Twila,Neville,100
20,Jemmie,Getley,791
21,Tudor,Benzing,496
22,Rosa,Thoms,404
23,Stephie,Dilgarno,140
24,Gwenette,Simeon,16
25,Jozef,Weare,539
26,Hilarius,Maplethorpe,740
27,Nan,Ren,181
28,Valdemar,Fowden,535
29,Levy,Roja,414
30,Poppy,Bole,187
31,Vinita,Naismith,694
32,Hew,Jeffs,112
33,Emlyn,Malicki,176
34,Edyth,Drinkall,419
35,Cirstoforo,Calender,216
36,Jermayne,Androletti,435
37,Mendy,Rushford,47
38,Zulema,Wilcox,229
39,Natassia,Summerbell,468
40,Therese,Miners,756
41,Harmony,Waeland,390
42,Lorene,Eneas,351
43,Craggy,Mackleden,806
44,Chelsie,Skeels,804
45,Gal,Pedri,819
46,Malvina,Sakins,667
47,Jolie,Shotboult,802
48,Vivie,Thurner,488
49,Waldemar,Moughton,916
50,Gayle,Hambling,665
51,Cora,Van Der Hoog,128
52,Lavina,Burchill,720
53,Lisetta,Skerritt,596
54,Sybil,Whitbread,443
55,Holly,Feaver,630
56,Delia,Mapletoft,432
57,Darci,Ganforth,857
58,Tore,Tunna,401
59,Gabie,Pache,282
60,Anthony,Goundry,788
61,Barn,Kruschov,459
62,Dorry,Norcock,512
63,Kassi,Haggleton,958
64,Patsy,Minucci,46
65,Caitlin,Millsap,700
66,Margaretta,Oliveto,702
67,Jilly,Duckworth,277
68,Wat,Gutsell,969
69,Weidar,Maureen,544
70,Loutitia,Rosengart,492
71,Joana,Benesevich,117
72,Shermie,Du Plantier,684
73,Hansiain,Cheake,841
74,Gustavus,Anscott,829
75,Gnni,Zanre,304
76,Corrina,Eisak,783
77,Jackqueline,O'Gormally,786
78,Issiah,Aylen,565
79,Debora,Hegg,308
80,Chandra,Raffon,378
81,Sumner,Scrine,590
82,Mollee,Medwell,162
83,Pia,Goodoune,984
84,Codie,Orry,958
85,Jarid,Coneron,733
86,Gray,MacClenan,406
87,Garrick,Pisco,637
88,Michal,Daffern,796
89,Blythe,Worsnap,477
90,Dre,Aubray,232
91,Jillana,Petticrew,814
92,Laurianne,Wreath,111
93,Connor,Whitney,516
94,Milo,Vouls,362
95,Koenraad,McIlreavy,957
96,Melisande,Scrivener,837
97,Rutherford,Waterfield,320
98,Alicea,Bazely,879
99,Constantino,Speechly,959
100,King,Sparks,514
101,Sammy,Pomphrey,575
102,Skylar,Fishlee,708
103,Bess,Julian,580
104,Abbe,Fransseni,379
105,Clay,Crayden,901
106,Jens,Wadley,264
107,Arlen,Reckless,278
108,Gabby,McMillam,498
109,Norine,Skelly,278
110,Alia,Janos,161
111,Talbot,Allston,340
112,Ulrica,Pigram,821
113,Henryetta,Filan,118
114,Ethelin,Heckner,589
115,Alison,Jeandin,132
116,Danila,Bourhill,842
117,Garwin,Brenston,701
118,Clyve,Pacheco,579
119,Anett,Boissieux,474
120,Davin,Omar,934
121,Gypsy,Breston,310
122,Ursola,Coopper,835
123,Giulio,Mc-Kerley,719
124,Reyna,Kirkby,299
125,Irene,Carus,570
126,Drucy,Pattington,887
127,Mill,Binch,466
128,Kalle,Jozwiak,931
129,Malia,Gibling,119
130,Sarette,Klewi,87
131,Jaine,Iveson,71
132,Winna,Poulden,892
133,Lindi,Liccardi,378
134,Johny,Cavnor,179
135,Bastien,Whitfield,846
136,Madelene,MacNockater,514
137,Tate,Brandle,629
138,Lane,O'Heneghan,573
139,Cloe,Kynaston,273
140,Betsey,Ackenhead,524
141,Harv,Attenborrow,608
142,Kariotta,Felce,252
143,Angelika,Bielfelt,285
144,Heall,De Moreno,829
145,Viole,Ellul,276
146,Florance,Roblett,997
147,Bernarr,Mainwaring,708
148,Melamie,Elnough,815
149,Elnora,de Lloyd,644
150,Jackie,Woodhead,771
151,Alaster,Loudian,862
152,Kristi,Bulpitt,293
153,Rodney,Blunt,696
154,Seward,Lawless,854
155,Olympia,Hoyland,866
156,Dan,Gowdy,281
157,Dreddy,Adicot,228
158,Frederick,Breckwell,460
159,Glyn,Younglove,116
160,Allina,McGilvra,229
161,Cynthea,Statefield,603
162,Georgette,Pratley,296
163,Carmina,Yegorovnin,421
164,Murry,Stidever,811
165,Nicol,Timson,426
166,Noland,Takle,187
167,Korey,Aylen,220
168,Erma,Toderini,528
169,Devland,Lillicrap,566
170,Ibbie,Klesl,176
171,Worthington,Waleran,684
172,Kirby,Szymanski,177
173,Natka,Veltman,769
174,Olivero,Bridden,589
175,Rafe,Passion,478
176,Joella,Maulden,192
177,Ulrike,Swindall,38
178,Gris,Parsley,25
179,Oneida,Gumbrell,924
180,Hobie,Archley,342
181,Elinor,Mayhou,777
182,Davon,Geraldo,741
183,Markos,Tallman,376
184,Cassi,Berndtssen,970
185,Domini,Kingaby,240
186,Davide,O'Beirne,808
187,Karlie,Magill,320
188,Bronson,Borrett,855
189,Thorstein,Twittey,343
190,Olivia,Strawbridge,169
191,Tadeas,Bastable,458
192,Rodina,Ropkins,962
193,Daphne,Melanaphy,546
194,Leigha,McGown,592
195,Daphne,Scading,524
196,Jordain,Richarz,598
197,Honey,Deerness,44
198,Daren,Jarrell,67
199,James,Minton,485
200,Lonna,Dilworth,799
201,Marlin,Broadfield,525
202,Jorrie,Rubinsaft,362
203,Onfre,Brookshaw,222
204,Clement,Wannop,976
205,Catherine,Peidro,772
206,Lanni,Brazener,665
207,Lawrence,Scambler,256
208,Maddi,Swaddle,328
209,Coralie,Bilham,745
210,Averell,Aldhous,281
211,Orran,Streader,195
212,Torey,Hanwright,624
213,Joel,Darmody,267
214,Gwenore,Pentony,215
215,Fabien,Kunrad,597
216,Minni,Durante,628
217,Brandais,Buckleigh,936
218,Diann,Woodrooffe,218
219,Leonanie,Jakab,275
220,Freedman,Pizzie,655
221,Hayes,Bottoner,863
222,Torey,Kellog,953
223,Kristien,Cockroft,281
224,Luella,Lomb,346
225,Denna,Stutt,883
226,Tani,Piccop,70
227,Domini,Bortoloni,707
228,Stillman,Mandy,911
229,Eartha,Peller,250
230,Humberto,Goldingay,65
231,Sher,Dimberline,442
232,Sarina,Yurevich,427
233,Cara,Batchan,366
234,Olympia,Pabst,561
235,Edin,Barkess,649
236,Alys,Etteridge,106
237,Rubie,Ciccotto,306
238,Guy,Resun,133
239,Marylin,Aldcorn,223
240,Loutitia,Howett,930
241,Myrle,Bridie,508
242,Ema,Macias,773
243,Brit,Crang,613
244,Inessa,Attenbrough,366
245,Garek,Renackowna,142
246,Web,Kenelin,329
247,Rosmunda,Berecloth,168
248,Melodie,Toulmin,370
249,Stephen,Kellaway,147
250,Pietro,Tidmas,73
251,Lucky,Axtens,793
252,Aubree,Braven,485
253,Mirabella,McComas,3
254,Rayshell,Matyugin,848
255,Staford,Plum,759
256,Petunia,Connor,877
257,Lezley,Duggen,444
258,Nobe,Edmed,902
259,Wilma,Arkil,444
260,Lezley,Sherland,959
261,Hill,Hedan,631
262,Davidde,Perceval,706
263,Zolly,Oldridge,621
264,Robbi,Peyro,795
265,Tessy,Vardie,381
266,Odelia,Cogzell,329
267,Trescha,Dingwall,442
268,Loralyn,Priestley,316
269,Caitrin,Leyton,223
270,Selestina,Sunman,630
271,Cad,Stammler,785
272,Vic,Kleeborn,951
273,Maddie,Blackaller,292
274,Verna,Chappelle,287
275,Krissy,Casin,21
276,June,Isaq,569
277,Honor,Simonnet,271
278,Gretna,Frazier,906
279,Eugenia,Welchman,989
280,Delano,Koppens,248
281,Max,Braidford,268
282,Bailie,Fuggles,544
283,Dickie,Merrifield,203
284,Sher,Levinge,502
285,Poppy,Lamminam,791
286,Heath,Brougham,794
287,Boothe,Convery,826
288,Kaitlin,Espino,934
289,Gustaf,Neesham,881
290,Lorette,Skeats,65
291,Laughton,Safhill,581
292,Yalonda,Philipeau,455
293,Lorin,Kilfeather,361
294,Appolonia,Kitching,783
295,Ros,Adamovich,740
296,Robinet,Kadwallider,131
297,Carena,Crowthe,987
298,Pris,Frapwell,77
299,Gerrard,Duckwith,831
300,Gasparo,Jeannon,313
301,Evey,Sibbald,846
302,Koressa,Pock,432
303,Philipa,Ivashin,870
304,Gawen,Lennie,258
305,Agnese,Barnsdall,847
306,Mikel,Lambrecht,814
307,Bellina,Widd,1000
308,Randi,Pyzer,7
309,Sydney,Feasby,606
310,Taryn,Haville,535
311,Vonni,Cicconetti,720
312,Phil,Sartin,748
313,Mikkel,Birtley,484
314,Hanni,Grigoriscu,650
315,Warde,Vanstone,234
316,Bobine,Kyston,837
317,Wash,Label,424
318,Carmella,Penfold,611
319,Norri,Wanley,890
320,Bradley,Merrilees,830
321,Kary,Hendriks,107
322,Zollie,Bachanski,655
323,Cleveland,Fairest,674
324,Yance,Novichenko,771
325,Cristi,Mager,752
326,Zacherie,Martineau,693
327,Ashlan,Manktelow,779
328,Salome,Stitt,363
329,Inglis,Noods,150
330,Hobie,Mannix,176
331,Darya,Mincher,233
332,Ephrem,Mulberry,604
333,Vittorio,Sandilands,121
334,Nessie,Cosbey,125
335,Karlee,Benning,156
336,Chico,Giacomo,712
337,Tobye,Wigfield,542
338,Malachi,Hudless,163
339,Franciskus,Spencer,694
340,Sully,Sedgmond,42
341,Herbert,Core,226
342,Jacinda,Growden,386
343,Fabio,Botten,352
344,Gifford,Izkoveski,35
345,Ingeberg,Birtchnell,608
346,Raeann,Falshaw,650
347,Charlie,Regina,668
348,Leonanie,Levensky,98
349,Rodie,Trayford,411
350,Iolande,Mewitt,530
351,Caryl,Revington,374
352,Gregorius,Fearnyough,295
353,Olivie,Sondon,316
354,Shalna,Ghilardini,757
355,Ninnetta,Wasmer,912
356,Antonietta,Jimmes,953
357,Lynnet,Mithan,409
358,Burg,Reisk,31
359,Stirling,Kinchlea,295
360,Misti,Beviss,236
361,Debi,Rown,367
362,Florence,Antill,958
363,Xenia,Carreck,289
364,Francesco,Toulch,922
365,Donalt,Cawsey,451
366,Dannie,Preshous,529
367,Cathyleen,Bredbury,833
368,Krista,Beirne,108
369,Marty,Mullarkey,667
370,Aubry,Pechacek,153
371,Mickie,Filson,340
372,Talia,Case,55
373,Lisa,Duffyn,545
374,Concordia,de Broke,593
375,Drusy,Greenshields,5
376,Frankie,Pennycock,632
377,Corrie,Brunesco,165
378,Pat,Baff,797
379,Gui,MacMeanma,188
380,Nicko,Mulqueen,555
381,Patrice,Baszniak,680
382,Cosetta,Sagg,649
383,De witt,Piatto,330
384,Christopher,Vignaux,910
385,Robenia,Giampietro,937
386,Paulita,Bleiman,740
387,Lauri,Gleadhall,648
388,Lynsey,Petasch,158
389,Roxy,Badsworth,717
390,Neda,Van Schafflaer,786
391,Dido,Eccleston,832
392,Ira,Roe,448
393,Josias,Brookhouse,538
394,Sauncho,Penella,421
395,Camilla,Betteney,505
396,Kakalina,Tezure,432
397,Wright,Bruniges,301
398,Waylen,Blanchette,688
399,Olivier,Coggill,118
400,Fran,McKew,621
401,Fowler,Evitts,640
402,Lorenzo,Patillo,2
403,Lammond,Jackways,315
404,Devinne,Crowson,586
405,Daryl,Cool,306
406,Land,Bythway,981
407,Bernice,Hector,841
408,Milty,Tivers,312
409,Lorettalorna,MacCoveney,454
410,Verena,Gealle,755
411,Clarke,Potell,350
412,Romain,Condliffe,544
413,Cathrine,Dumingo,987
414,Tremain,Ernshaw,627
415,Alessandra,Iskow,384
416,Crichton,Beilby,990
417,Cathrine,Brugden,731
418,Rica,Staggs,489
419,Caro,Blessed,47
420,Jodee,Wonfor,464
421,Thaxter,Dinnies,935
422,Hendrick,McLleese,758
423,Wynne,Heersema,648
424,Emelina,Trassler,241
425,Nicole,Francioli,522
426,Montgomery,Brickham,313
427,Sally,Thompsett,992
428,Ignacio,Belfit,496
429,Vi,Hazlewood,878
430,Margette,Bagster,163
431,Aindrea,Cabbell,373
432,Yolande,Hunstone,859
433,Carin,Rahl,465
434,Burch,Grodden,715
435,Silvio,Mallam,401
436,Camel,Seamer,464
437,Oneida,Ugoni,892
438,Anitra,Cosford,269
439,Hyacinthia,Bartoloma,314
440,Bekki,Beathem,125
441,Brear,Zylbermann,909
442,Keir,Weightman,123
443,Louella,Rogez,79
444,Sven,Camfield,858
445,Doretta,Clampin,228
446,Lilyan,Wormald,393
447,Angelia,Cordelle,752
448,Catherin,Pedden,412
449,Wildon,McSperrin,180
450,Felic,Juckes,965
451,Fielding,Hatje,17
452,Rockwell,Craker,750
453,Jeff,Thomason,572
454,Christy,Cobbled,254
455,Othelia,Rizzone,800
456,Tandi,McCullock,829
457,Reynard,Scipsey,452
458,Cosmo,Royal,392
459,Darice,Groneway,933
460,Olia,LLelweln,808
461,Barron,Antonsson,325
462,Mommy,Ghost,89
463,Rosabella,Kivlin,999
464,Yance,Higgen,884
465,Marcela,Reed,815
466,Lyon,Statersfield,994
467,Kort,Pyner,216
468,Shae,Quiney,868
469,Neila,Littledyke,395
470,Homere,Pflieger,82
471,Lynnette,Porcas,419
472,Loleta,Sillito,864
473,Sebastiano,Davy,189
474,Nert,Di Francesco,811
475,Dionisio,McGaughie,703
476,Audra,Crosbie,479
477,Dawna,Ferneyhough,38
478,Uta,McKeevers,715
479,Casie,Buckenham,569
480,Sissy,Tregona,259
481,Brnaby,Fenelon,355
482,Mic,Stather,889
483,Jolene,Downse,453
484,Ophelia,Rentcome,926
485,Robbi,Clague,514
486,Benny,Yantsev,683
487,Sheela,Truman,193
488,Patricio,Malimoe,745
489,Wilmer,Heal,203
490,Haley,Borleace,745
491,Aurie,Obbard,696
492,Elita,Peye,58
493,Stearn,Varney,884
494,Karlotte,Cote,673
495,Rudolph,Channing,437
496,Roselin,Bunt,393
497,Rutherford,Anthona,126
498,Gilemette,Mokes,929
499,Rosanna,Coolson,105
500,Gill,Aitchinson,56
501,Edita,Challender,268
502,Octavius,Danbi,156
503,Rosalinda,Klaassens,534
504,Greggory,McGilleghole,472
505,Bendicty,Northing,567
506,Barbra,Cruess,10
507,Jermayne,Echallie,517
508,Briggs,McCook,122
509,Aidan,Gammet,984
510,Jaynell,Hawton,275
511,Salomi,Sukbhans,368
512,Dewey,Dempsey,379
513,Beryl,Blight,869
514,Bret,Racher,82
515,Arvin,Pernell,373
516,Jo-anne,Leffek,963
517,Othilia,Nouch,191
518,Alberik,Bengochea,234
519,Lynnea,Catanheira,840
520,Nealy,Papierz,262
521,Mattie,Shewring,320
522,Robbert,Starie,709
523,Maribel,Rome,144
524,Ysabel,Duligall,241
525,Clemmy,Pullinger,783
526,Petra,Bichard,18
527,Giustino,Kinnard,342
528,Rey,Duckit,677
529,Gayle,Witherden,823
530,Marco,Haycroft,688
531,Almeda,Puttnam,991
532,Cristi,Ratnage,799
533,Clayborn,Friberg,840
534,Perry,Gainsburgh,456
535,Ellery,Leyzell,828
536,Cordell,Sharkey,834
537,Noah,Burles,967
538,Demeter,Alton,75
539,Mora,Snap,180
540,Abra,Mackerel,705
541,Karia,Tzarkov,933
542,Emmalynn,Lipgens,27
543,Carri,Sandeford,354
544,Zechariah,Mathers,580
545,Betty,Celiz,422
546,Lissie,Karolowski,850
547,Retha,Tree,384
548,Erhart,Eagger,184
549,Roxanne,Bilby,55
550,Gussie,Tomasini,204
551,Johnette,Cleaton,755
552,Blake,Questier,420
553,Erroll,Tenby,788
554,Fredrick,Balmforth,935
555,Mimi,Devinn,912
556,Dorie,Edgeon,251
557,Philis,Golightly,1
558,Cacilie,Pill,361
559,Rosalinde,McNaught,330
560,Vladimir,Mackleden,800
561,Correna,Naismith,908
562,Corene,Apfel,154
563,Jermain,Pifford,28
564,Roderic,Soigne,863
565,Darby,Jedras,203
566,Abbye,Petrowsky,590
567,Hannie,Deery,271
568,Gilbertine,Dogerty,237
569,Muire,De L'Isle,382
570,Doy,Croydon,421
571,Doralin,Ulster,221
572,Thorstein,Ochterlony,808
573,Reggie,Ovendon,536
574,Roslyn,Ellett,719
575,Marylee,Collerd,445
576,Oralla,Losselyong,533
577,Gannie,Burghill,202
578,Hetty,Le Marchand,472
579,Graham,Bryde,517
580,Farand,Retchless,530
581,Aura,Croxford,314
582,Gladys,Snare,903
583,Worth,Muzzall,328
584,Stuart,Bailes,810
585,Carmella,Hancorn,50
586,Silvio,Deek,37
587,Geoff,Wealthall,141
588,Gaspar,Mawdsley,722
589,Albrecht,Chidzoy,338
590,Grissel,Guidelli,465
591,Alicia,Wooderson,824
592,Kingston,Lampert,758
593,Cherianne,Chippendale,44
594,Grayce,Bellinger,683
595,Danny,Hinken,149
596,Cosetta,McCotter,141
597,Faber,Robertelli,586
598,Maurie,Codeman,449
599,Petra,De La Salle,144
600,April,Lantuffe,113
601,Kimberlee,Skerrett,997
602,Basia,Bagott,144
603,Marget,Pie,934
604,Jermaine,Blanden,794
605,Deck,Hugnet,448
606,Briant,Cuppleditch,358
607,Daryl,Crinson,444
608,Angeli,Nottle,447
609,Vinita,Gegg,936
610,Louise,Massey,355
611,Rozanne,Espinazo,930
612,Dorise,Rawlings,862
613,Stanislaus,Lassetter,389
614,Dorene,Pickard,232
615,Gabi,Condliffe,641
616,Liv,Illes,59
617,Rip,Ottewell,753
618,Libbie,Haselup,774
619,Boy,Pennycock,917
620,Andres,Liddyard,96
621,Berthe,Kenlin,971
622,Ebeneser,Ofen,722
623,Wye,Heliet,896
624,Farra,Adamini,592
625,Alysia,McCoughan,662
626,Sarene,Micklewright,273
627,Trish,Jardein,542
628,Debee,Ritchings,76
629,Felice,Ramplee,67
630,Richmond,Evill,276
631,Jeanie,Gonzalo,601
632,Lexy,Chimienti,551
633,Logan,Burchett,123
634,Emory,Kemmis,318
635,Janella,Dutchburn,809
636,Milli,Simmons,610
637,Eve,McInteer,303
638,Angelique,Woolf,655
639,Brew,Blaik,882
640,Jay,Hanssmann,564
641,Devlen,Duffett,960
642,Madelon,Creffeild,883
643,Kellie,O'Cahsedy,645
644,Roselin,Leynton,633
645,Gerri,Bison,68
646,Any,Clarycott,544
647,Norris,Dollman,952
648,Chelsea,Larvent,733
649,Martita,Minchella,340
650,Kirby,Cromett,531
651,Gage,Crofts,17
652,Paddie,Skittles,68
653,Waring,Guilder,697
654,Dode,Antill,1000
655,Donovan,Hayzer,870
656,Yoko,Caulcutt,634
657,Gilberto,Quade,191
658,Erminia,Cribbin,765
659,Ximenez,Badland,90
660,Kay,Fredy,210
661,Travers,Disley,12
662,Olly,Jannaway,413
663,Elbertine,Rieger,782
664,Den,Butland,176
665,Caesar,Kleisle,880
666,Arnuad,Duprey,599
667,Bernelle,Le Houx,497
668,Lane,Kirkpatrick,738
669,Evangeline,Lynn,123
670,Nathalia,Shreeves,182
671,Marcelia,Prendeville,471
672,Querida,Eccleston,183
673,Cozmo,Ketts,466
674,Eadmund,Pighills,464
675,Mora,Boatwright,845
676,Conant,Gerrey,190
677,Tiffany,McReidy,573
678,Talbert,Mitchely,679
679,Zedekiah,Ballantine,733
680,Leupold,Scudder,896
681,Wallis,Rawles,399
682,Trudy,Coniff,491
683,Sheeree,Roseblade,271
684,Jolie,Mellodey,74
685,Farris,Amerighi,695
686,Johnna,Bum,422
687,Arnoldo,Corneck,574
688,Cece,Pavier,372
689,Glad,Hobble,114
690,Quill,Dimitriou,779
691,Nariko,Costi,897
692,Dodie,Reinhard,256
693,Anett,Hlavac,226
694,Karleen,Fischer,427
695,Florie,Gladstone,32
696,Maude,Borkett,736
697,Helga,Baleine,284
698,Bronson,Wand,900
699,Rosanna,Slight,433
700,Todd,Holme,83
701,Bobbie,Dimitriades,971
702,Bailey,Jikovsky,245
703,Jessika,Goodanew,155
704,Roy,Bram,623
705,Filmore,Sparkwell,709
706,Elijah,Whales,962
707,Rahal,Skae,182
708,Mead,Tomsu,631
709,Udall,Renwick,103
710,Ardine,Klich,300
711,Katy,Vakhlov,236
712,Heath,Eckels,338
713,Katherine,Shrigley,344
714,Cordula,Amis,758
715,Michel,Tinto,711
716,Bone,Lente,8
717,Lyon,Cowles,159
718,Alejoa,Ellens,873
719,Delcine,Tuckwood,292
720,Sara-ann,Fransemai,674
721,Veronike,Hallihan,500
722,Brear,Sandbach,10
723,Valli,Guyan,903
724,Rafi,Berceros,929
725,Roseline,East,923
726,Hersh,Bachs,932
727,Anson,Gare,766
728,Andria,Longford,903
729,Valina,Maddinon,704
730,Thurston,Padly,117
731,Pen,Batte,393
732,Osbourne,Duding,225
733,Kerianne,Ding,336
734,Hort,Kopman,38
735,Leland,Heathorn,571
736,Luther,Yantsurev,424
737,Lindy,Gypps,353
738,Correna,Neilson,146
739,Veronika,Jess,14
740,Matthew,Conigsby,83
741,Guenna,Mityakov,821
742,Meara,Westmancoat,955
743,Glenden,Thomsen,918
744,Emmeline,Lyddy,83
745,Whitney,Wikey,161
746,Arda,Filkin,976
747,Skipp,Forsdicke,869
748,Suzanne,Mityakov,162
749,Camala,Bricksey,322
750,Binnie,Saurin,822
751,Estevan,Klosges,830
752,Cyril,Stilling,394
753,Augusta,Meert,737
754,Lyndy,Dalloway,917
755,Salvador,Feeley,29
756,Dacia,Scheffler,883
757,Yvonne,Flobert,737
758,Izak,Dumelow,567
759,Boot,Fortin,86
760,Claus,Giddons,740
761,Bernardina,Oxbrow,330
762,Jay,Lymbourne,495
763,Betti,Maxworthy,509
764,Rolf,Salvin,648
765,Agustin,Notti,499
766,Jolie,Frany,727
767,Ferrell,McLanachan,870
768,Jens,Baurerich,15
769,Corbie,von Nassau,488
770,Felix,Dudley,464
771,Dulcinea,Asey,768
772,Marje,Sansum,369
773,Viviana,Hubane,6
774,Omar,Robuchon,346
775,Nils,Spratling,745
776,Roda,Munnery,604
777,Will,Hulson,735
778,Maxine,Parkyn,261
779,Katrine,Kiraly,329
780,Juli,Peat,804
781,Belva,Zucker,14
782,Beret,Battie,396
783,Ricardo,Lambot,714
784,Daron,Scholer,150
785,Kelbee,Overshott,13
786,Robby,Fyldes,380
787,Fawne,Sturgis,411
788,Fawnia,Pittet,466
789,Ag,Dilworth,614
790,Temple,Dugmore,173
791,Guillermo,Shillom,874
792,Huntington,Edowes,999
793,Lyle,Wetwood,549
794,Othelia,Couper,939
795,Leroy,Lyddiard,563
796,Jori,Boden,34
797,Aubrette,Duckerin,875
798,Holden,McCreery,759
799,Iver,Daintry,780
800,Alf,Bruckshaw,472
801,Moses,McCreadie,810
802,Shannen,Lawman,227
803,Gilberto,Adnams,986
804,Jeanie,Nuss,858
805,Maude,Biaggiotti,751
806,Caresse,Chippendale,308
807,Obadiah,Enderwick,252
808,Alford,Mattosoff,964
809,Carly,Driussi,720
810,Leonie,Siviter,26
811,Theodor,Lief,626
812,Hall,Connold,604
813,Udale,Walshaw,88
814,Tamarra,Ehrat,827
815,Darlene,Thurston,552
816,Beckie,Adshead,792
817,Casey,Karpf,867
818,Patsy,Mangeney,625
819,Delmar,Dumphries,589
820,Raynor,Pyffe,437
821,Theresina,Bianco,115
822,Robenia,Gheeorghie,44
823,Fabien,Tallant,960
824,Goober,Yeulet,182
825,Caitlin,Basillon,298
826,Ernest,Bratch,313
827,Jillie,Maymand,211
828,Bill,Rowth,623
829,Orin,Boycott,709
830,Jerome,Dorkens,279
831,Lettie,Springle,366
832,Angelika,Starling,372
833,Johnette,Oliveto,200
834,Stephani,Fetter,315
835,Jeremy,McLanaghan,841
836,Horace,Jurn,188
837,Arri,Flude,499
838,Daisi,D'Almeida,467
839,Deeann,Steele,464
840,Analise,Gissing,621
841,Kelley,Van Der Weedenburg,687
842,Silvanus,Charon,998
843,Rivalee,Whittock,590
844,Iosep,Simonite,572
845,Mindy,Antonias,239
846,Kitty,Attersoll,499
847,Odelinda,Deeley,528
848,Bartie,Cathersides,579
849,Stirling,Tukesby,946
850,Sauveur,Brosh,429
851,Basil,Gloy,686
852,Irma,Killeen,284
853,Barb,Husset,384
854,Phillipe,Gartin,749
855,June,Murkitt,570
856,Port,Rosbrough,414
857,Hebert,Feragh,228
858,Arleen,MacGibbon,605
859,Clarissa,MacGoun,303
860,Druci,Souch,290
861,Carmon,Hurst,724
862,Padraic,Bridgnell,645
863,Katrine,Forde,1
864,Peirce,Lewsie,92
865,Ardene,Pechan,127
866,Florie,Currey,490
867,Brittni,Farrent,338
868,Oralia,Coots,213
869,Faunie,Basnett,332
870,Codee,Wissbey,496
871,Gordie,Woodward,547
872,Haroun,Abram,167
873,Kerry,Keepence,349
874,Hewie,Brunone,894
875,Gussie,Matevushev,652
876,Sibbie,Aubery,356
877,Ariadne,Hing,28
878,Britteny,Giacometti,149
879,Dorian,Clubbe,391
880,Kellie,Milliken,11
881,Karyn,Jarville,292
882,Corette,Haddick,59
883,Gav,Wansbury,892
884,Domingo,Greig,224
885,Aksel,Teather,807
886,Hattie,McPartlin,957
887,Daniele,Bushell,52
888,Samuel,Cranch,719
889,Rani,Micklewicz,324
890,Jereme,Crapper,956
891,Annemarie,McElroy,850
892,Flore,Waldie,335
893,Adrea,Bradder,463
894,Oran,Meaney,30
895,Chaunce,Mardall,937
896,Tremayne,Izaks,515
897,Petr,Drieu,507
898,Bjorn,Oxenham,729
899,Annalee,Novotni,358
900,Bearnard,Nehlsen,171
901,Annamarie,Waterdrinker,725
902,Tabina,Ainger,125
903,Lizbeth,Sands-Allan,396
904,Jonis,Gullivan,519
905,Jeramey,Fiddler,413
906,Ellswerth,Wortman,637
907,Thedric,Thurber,405
908,Nil,Goodbanne,835
909,Piggy,Kuhnwald,955
910,Anton,Bloore,333
911,Lovell,Spreadbury,359
912,Leroy,Ennew,126
913,Hal,Voisey,398
914,Cleo,Bowe,395
915,Allyson,Moniker,444
916,Boniface,Tams,501
917,Haley,Copley,848
918,Guthry,Kidner,226
919,Rees,Noades,406
920,Jacobo,Pendleton,391
921,Glyn,Spincks,285
922,Jacquelynn,Kinnier,886
923,Ancell,Carnegy,279
924,Kristo,Leebeter,431
925,Hammad,Guilloud,904
926,Verge,Scourgie,598
927,Archibald,Aspey,860
928,Billye,McMillian,473
929,Christye,Sayer,995
930,Sayres,Dudin,639
931,Isabelita,Truesdale,131
932,Yance,Tonnesen,61
933,Quinn,Motion,322
934,Elita,Gurnell,30
935,Sidonnie,Iglesias,272
936,Aubrey,Pendry,985
937,Colleen,Lumpkin,376
938,Erv,Huke,903
939,Aundrea,Coudray,913
940,Lanita,Ayris,603
941,Joy,Fasson,691
942,Loren,Cattanach,855
943,Woodman,Elwood,226
944,Alexandro,Rainbird,786
945,Tansy,Smorthit,629
946,Maddalena,Walenta,681
947,Marshal,Jestico,175
948,Pincas,Velti,390
949,Feodor,Mansion,24
950,Chucho,Magnay,709
951,Sigismundo,Drillingcourt,964
952,Rosalinda,Clint,921
953,Kristian,Sellstrom,60
954,Anallise,Moodie,611
955,Palm,Broomhead,962
956,Arlyn,Hotchkin,850
957,Malinda,Stelle,359
958,Owen,Blythin,809
959,Stormy,Templar,569
960,Flint,Sirett,812
961,Rosette,London,427
962,Slade,Featherstonehaugh,960
963,Adriaens,Duffield,217
964,Deloria,Pinwill,933
965,Branden,Hearns,505
966,Manda,Templar,354
967,Lydia,Lyffe,793
968,Brewster,Fines,817
969,Costanza,Petticrow,715
970,Nicki,Shaxby,141
971,Ermin,Normanville,983
972,Grier,Welden,97
973,Buckie,Keaysell,496
974,Hendrika,Officer,898
975,Ivor,Kornas,364
976,Brook,Trinke,270
977,Bond,Paragreen,604
978,Maritsa,Rizzardini,291
979,Eric,Kubes,171
980,Vin,Pomeroy,628
981,Ardis,Pumphrey,158
982,Reider,O'Hartagan,15
983,Tim,Flobert,72
984,Neel,Harmon,559
985,Tommy,Mackieson,274
986,Ursuline,Szapiro,230
987,Carlin,Korneichik,22
988,Dulciana,O'Fallone,431
989,Jobina,Wissbey,72
990,Mattie,Dobrovolny,831
991,Wilden,Ryce,937
992,Cissiee,Voak,191
993,Bogey,Larver,409
994,Rowe,D'Costa,941
995,Vivia,Chatwin,365
996,Caprice,Epdell,810
997,Philip,Casiroli,16
998,Lettie,Ciardo,764
999,Kristen,Parkhouse,911
1000,Hollis,Cridlon,671
